소장품번호,작품명,작가,링크
증9942,김홍도필 관폭도,김홍도,https://www.emuseum.go.kr/detail?relicId=PS0100100101700987000000
증9927,김홍도필 괴석,김홍도,https://www.emuseum.go.kr/detail?relicId=PS0100100101700989800000
증9828,김홍도필 도석인물화,김홍도,https://www.emuseum.go.kr/detail?relicId=PS0100100101700993200000
증9870,김홍도필 산수 ,김홍도,https://www.emuseum.go.kr/detail?relicId=PS0100100101700985300000
증9898,김홍도필 산수도,김홍도,https://www.emuseum.go.kr/detail?relicId=PS0100100101700991500000
증9932,김홍도필 산수인물,김홍도,https://www.emuseum.go.kr/detail?relicId=PS0100100101700988100000
증9853,김홍도필 산수인물,김홍도,https://www.emuseum.go.kr/detail?relicId=PS0100100102400354900000
증9915,김홍도필 소나무와 딱다구리,김홍도,https://www.emuseum.go.kr/detail?relicId=PS0100100100100650400018
증9881,김홍도필 화조영모,김홍도,https://www.emuseum.go.kr/detail?relicId=PS0100100100100650400009
건희3549,격용신선도,김홍도,https://www.emuseum.go.kr/detail?relicId=PS0100100102400363100000
본관6504-18,"고기잡이, 《단원 풍속도첩》",김홍도,https://www.emuseum.go.kr/detail?relicId=PS0100100102400357600000
본관6504-9,"고누놀이, 《단원 풍속도첩》",김홍도,https://www.emuseum.go.kr/detail?relicId=PS0100100102400374700000
건희3631,고사관산도,김홍도,https://www.emuseum.go.kr/detail?relicId=PS0100100102400368700000
건희3576,관폭도,김홍도,https://www.emuseum.go.kr/detail?relicId=PS0100100102400372600000
건희3747,괴석도,김홍도,https://www.emuseum.go.kr/detail?relicId=PS0100100100500553800000
건희3687,괴석화조도,김홍도,https://www.emuseum.go.kr/detail?relicId=PS0100100100100650400015
건희3726,괴석화조도,김홍도,https://www.emuseum.go.kr/detail?relicId=PS0100100100100650400003
덕수5538,궁궐의 여인,김홍도,https://www.emuseum.go.kr/detail?relicId=PS0100100100100650400016
본관6504-15,"그림감상, 《단원 풍속도첩》",김홍도,https://www.emuseum.go.kr/detail?relicId=PS0100100100100252200000
본관6504-3,"기와이기, 《단원 풍속도첩》",김홍도,https://www.emuseum.go.kr/detail?relicId=PS0100100102400001600000
본관6504-16,"길쌈, 《단원 풍속도첩》",김홍도,https://www.emuseum.go.kr/detail?relicId=PS0100100100500445400000
본관2522,김홍도가 그린 게 그림,김홍도,https://www.emuseum.go.kr/detail?relicId=PS0100100100500092800000
건희16,김홍도 필 추성부도,김홍도,https://www.emuseum.go.kr/detail?relicId=PS0100100101700993400000
덕수4454,김홍도필 선동취소도,김홍도,https://www.emuseum.go.kr/detail?relicId=PS0100100101700994300000
덕수928,김홍도필 선인취생도,김홍도,https://www.emuseum.go.kr/detail?relicId=PS0100100100100650400005
증9934,김홍도필 영모까치,김홍도,https://www.emuseum.go.kr/detail?relicId=PS0100100100100650400007
증9943,김홍도필 채약우록도,김홍도,https://www.emuseum.go.kr/detail?relicId=PS0100100100100650400001
본관6504-5,"나들이, 《단원 풍속도첩》",김홍도,https://www.emuseum.go.kr/detail?relicId=PS0100100100500389400000
본관6504-7,"나룻배, 《단원 풍속도첩》",김홍도,https://www.emuseum.go.kr/detail?relicId=PS0100100100900331700000
본관6504-1,"논갈이, 《단원 풍속도첩》",김홍도,https://www.emuseum.go.kr/detail?relicId=PS0100100100100650400012
덕수3894,누숙경직도,김홍도,https://www.emuseum.go.kr/detail?relicId=PS0100100102400351000000
동원3317,늦은 밤 피리부는 선인,김홍도,https://www.emuseum.go.kr/detail?relicId=PS0100100100100650400004
본관6504-12,"담배썰기, 《단원 풍속도첩》",김홍도,https://www.emuseum.go.kr/detail?relicId=PS0100100102400368100000
건희3510,답상출시도,김홍도,https://www.emuseum.go.kr/detail?relicId=PS0100100102400357500000
본관6504-4,"대장간, 《단원 풍속도첩》",김홍도,https://www.emuseum.go.kr/detail?relicId=PS0100100100100650400014
건희3681,매조도,김홍도,https://www.emuseum.go.kr/detail?relicId=PS0100100102400351500000
건희3575,매조도,김홍도,https://www.emuseum.go.kr/detail?relicId=PS0100100100100650400010
본관6504-14,"벼타작, 《단원 풍속도첩》",김홍도,https://www.emuseum.go.kr/detail?relicId=PS0100100100500203600000
건희3515,부상도,김홍도,https://www.emuseum.go.kr/detail?relicId=PS0100100100100650400023
본관6504-10,"빨래터, 《단원 풍속도첩》",김홍도,https://www.emuseum.go.kr/detail?relicId=PS0100100100500405700000
덕수2036,산수화,김홍도,https://www.emuseum.go.kr/detail?relicId=PS0100100100500568800000
본관6504-23,"서당, 《단원 풍속도첩》",김홍도,https://www.emuseum.go.kr/detail?relicId=PS0100100102400355500000
덕수4057,서원에서의 아취 넘치는 모임,김홍도,https://www.emuseum.go.kr/detail?relicId=PS0100100102400359800000
덕수5688,서직수 초상,"김홍도, 이명기",https://www.emuseum.go.kr/detail?relicId=PS0100100102400370000000
건희3555,선면산수도,김홍도,https://www.emuseum.go.kr/detail?relicId=PS0100100102400356300000
건희3598,선면응렵도,김홍도,https://www.emuseum.go.kr/detail?relicId=PS0100100102400353400000
건희3700,선상한면도,김홍도,https://www.emuseum.go.kr/detail?relicId=PS0100100102400352400000
건희3563,송하인물도,김홍도,https://www.emuseum.go.kr/detail?relicId=PS0100100100100650400006
건희3534,수변취압도,김홍도,https://www.emuseum.go.kr/detail?relicId=PS0100100100500100900000
건희3524,수하오수도,김홍도,https://www.emuseum.go.kr/detail?relicId=PS0100100100500100800000
본관6504-6,"시주, 《단원 풍속도첩》",김홍도,https://www.emuseum.go.kr/detail?relicId=PS0100100100100650400019
덕수1009,신선,김홍도,https://www.emuseum.go.kr/detail?relicId=PS0100100100100650400022
덕수1008,신선과 사슴,김홍도,https://www.emuseum.go.kr/detail?relicId=PS0100100102400378800000
본관6504-19,"신행길, 《단원 풍속도첩》",김홍도,https://www.emuseum.go.kr/detail?relicId=PS0100100100100650400011
본관6504-22,"씨름, 《단원 풍속도첩》",김홍도,https://www.emuseum.go.kr/detail?relicId=PS0100100102400352300000
건희3788,연당춘의,김홍도,https://www.emuseum.go.kr/detail?relicId=PS0100100102400365100000
본관6504-11,"우물가, 《단원 풍속도첩》",김홍도,https://www.emuseum.go.kr/detail?relicId=PS0100100100100650400013
건희3523,운상신선도,김홍도,https://www.emuseum.go.kr/detail?relicId=PS0100100100100650400021
건희3651,유하군압도,김홍도,https://www.emuseum.go.kr/detail?relicId=PS0100100101101423000000
본관6504-13,"자리짜기, 《단원 풍속도첩》",김홍도,https://www.emuseum.go.kr/detail?relicId=PS0100100100500242200000
본관6504-21,"장터길, 《단원 풍속도첩》",김홍도,https://www.emuseum.go.kr/detail?relicId=PS0100100100100650400020
신수14230,전 김홍도필 해동명산도,김홍도,https://www.emuseum.go.kr/detail?relicId=PS0100100100100650300000
덕수2422,전김홍도필 삼성도,김홍도,https://www.emuseum.go.kr/detail?relicId=PS0100100102400370800000
본관6504-20,"점심, 《단원 풍속도첩》",김홍도,https://www.emuseum.go.kr/detail?relicId=PS0100100100100650400008
본관6503,정곤수 초상,김홍도,https://www.emuseum.go.kr/detail?relicId=PS0100100102400354200000
건희3708,조어도,김홍도,https://www.emuseum.go.kr/detail?relicId=PS0100100100100650400024
본관6504-8,"주막, 《단원 풍속도첩》",김홍도,https://www.emuseum.go.kr/detail?relicId=PS0100100100500150900000
건희3542,초동기우도,김홍도,https://www.emuseum.go.kr/detail?relicId=PS0100100100100650400017
본관6504-24,"춤추는 아이, 《단원 풍속도첩》",김홍도,https://www.emuseum.go.kr/detail?relicId=PS0100100100500167100000
덕수1509,투견도,김홍도,https://www.emuseum.go.kr/detail?relicId=PS0100100102400351100000
본관6504-17,"편자박기, 《단원 풍속도첩》",김홍도,https://www.emuseum.go.kr/detail?relicId=PS0100100100100808600000
덕수1671,풍속도,김홍도,https://www.emuseum.go.kr/detail?relicId=PS0100100102400375700000
건희3511,풍속도 4폭,김홍도,https://www.emuseum.go.kr/detail?relicId=PS0100100100100650400025
본관8086,하지장도,김홍도,https://www.emuseum.go.kr/detail?relicId=PS0100100102400391400000
건희3757,해상군선도,김홍도,https://www.emuseum.go.kr/detail?relicId=PS0100100102400351900000
본관6504-25,"행상, 《단원 풍속도첩》",김홍도,https://www.emuseum.go.kr/detail?relicId=PS0100100102400358800000
건희3914,혜능상매도,김홍도,https://www.emuseum.go.kr/detail?relicId=PS0100100100100650400002
건희3519,화조도 6폭,김홍도,https://www.emuseum.go.kr/detail?relicId=PS0100100102400360800000
건희3588,화조산수도,김홍도,https://www.emuseum.go.kr/detail?relicId=PS0100100100500131300000
본관6504-2,"활쏘기, 《단원 풍속도첩》",김홍도,https://www.emuseum.go.kr/detail?relicId=PS0100100100100840400000
건희3608,황초평,김홍도,https://www.emuseum.go.kr/detail?relicId=PS0100300500100605100000
덕수1313,김홍도필 행려풍속도 8폭병풍,김홍도,https://www.emuseum.go.kr/detail?relicId=PS0100300500200005800000
본관8404,김홍도의 풍속화첩,김홍도,https://www.emuseum.go.kr/detail?relicId=PS0100100102400359000000
구입6051,초가한담도,김홍도,https://www.emuseum.go.kr/detail?relicId=PS0100100101600935400000
기증58,김홍도 필 산수인물도,김홍도,https://www.emuseum.go.kr/detail?relicId=PS0100100101700988500000
건희3590,수암 권상하 초상,이명기,https://www.emuseum.go.kr/detail?relicId=PS0100100102400372400000
구9354,이명기 필 김치인 초상,이명기,https://www.emuseum.go.kr/detail?relicId=PS0100100102400375300000
증9885,이명기필 취적,이명기,https://www.emuseum.go.kr/detail?relicId=PS0100100102400351700000
건희3724,조항진 초상,이명기,https://www.emuseum.go.kr/detail?relicId=PS0100100100100026700000
건희3753,조항진 초상초본,이명기,https://www.emuseum.go.kr/detail?relicId=PS0100100100500141600000
건희3517,초당독서도,이명기,https://www.emuseum.go.kr/detail?relicId=PS0100100100500093700000
본관267,일출 앞의 매,정홍래,https://www.emuseum.go.kr/detail?relicId=PS0100100100100509400000
덕수1416,일출 앞의 매,정홍래,https://www.emuseum.go.kr/detail?relicId=PS0100100102400376500000
덕수937,해뜨는 바위 위의 매,정홍래,https://www.emuseum.go.kr/detail?relicId=PS0100100100100508400000
본관5094,화조화,정홍래,https://www.emuseum.go.kr/detail?relicId=PS0100100102400358400000
건희3765,금은니화조도3폭,조속,https://www.emuseum.go.kr/detail?relicId=PS0100100100500103600000
본관5084,달밤 고목위의 새,조속,https://www.emuseum.go.kr/detail?relicId=PS0100100100500084600000
건희3584,매조도,조속,https://www.emuseum.go.kr/detail?relicId=PS0100100100100201400000
덕수1036,새와 까치,조속,https://www.emuseum.go.kr/detail?relicId=PS0100100102400372100000
덕수846,신라 김알지의 탄생설화,조속,https://www.emuseum.go.kr/detail?relicId=PS0100100100900256500000
본관2014,화조화,조속,https://www.emuseum.go.kr/detail?relicId=PS0100100100100503000000
건희3721,묵란도,신명연,https://www.emuseum.go.kr/detail?relicId=PS0100100100500110100000
동원2565,부채에 그린 매화와 난초,신명연,https://www.emuseum.go.kr/detail?relicId=PS0100100101600521200000
본관5030,산수화,신명연,https://www.emuseum.go.kr/detail?relicId=PS0100200100107915000000
덕수1101,산수화훼도,신명연,https://www.emuseum.go.kr/detail?relicId=PS0100100101700983600000
구5212,신명연 필 방 왕몽 송학운천도,신명연,https://www.emuseum.go.kr/detail?relicId=PS0100100101600994200000
민속79150,영모도,신명연,https://www.emuseum.go.kr/detail?relicId=PS0100100101600994100000
증9836,강세황필 추야독서,강세황,https://www.emuseum.go.kr/detail?relicId=PS0100100101600970700000
구9942,강세황 필 괴석묵죽도,강세황,https://www.emuseum.go.kr/detail?relicId=PS010010010160970600000
구9941,강세황 필 산수인물도,강세황,https://www.emuseum.go.kr/detail?relicId=PS01001001011001407900000
구9707,강세황 필 연화도,강세황,https://www.emuseum.go.kr/detail?relicId=PS0100100100500201200000
구9706,강세황 필 채소도와 파초도,강세황,https://www.emuseum.go.kr/detail?relicId=PS0100100100500366100000
신수14079,강세황 필 해당화도서,강세황,https://www.emuseum.go.kr/detail?relicId=PS0100100100500532200000
덕수2012,나귀 등 위에서 시상을 떠올리는 사람,강세황,https://www.emuseum.go.kr/detail?relicId=PS0100100100500282400000
덕수3661,난초와 대나무,강세황,https://www.emuseum.go.kr/detail?relicId=PS0100100100500424000000
덕수5322,높은 곳에서 낙하하는 폭포,강세황,https://www.emuseum.go.kr/detail?relicId=PS0100100102400372800000
덕수2824,동기창과 심주를 본받은 산수,강세황,https://www.emuseum.go.kr/detail?relicId=PS0100100100500190300000
덕수4240,사계절 산수,강세황,https://www.emuseum.go.kr/detail?relicId=PS0100100100900228300000
건희3728,산수도 2폭,강세황,https://www.emuseum.go.kr/detail?relicId=PS0100100100500107900000
덕수1903,"소나무,대나무와 모란",강세황,https://www.emuseum.go.kr/detail?relicId=PS0100100101700707500000
동원2283,숲속집 가을정경,강세황,https://www.emuseum.go.kr/detail?relicId=PS0100100102400352000000
덕수1079,신선,강세황,https://www.emuseum.go.kr/detail?relicId=PS0100100102400366600000
증7075,심사정필 고사인물화,"심사정, 강세황",https://www.emuseum.go.kr/detail?relicId=PS0100100101600521300000
건희3520,"우 계산허정도, 좌 계산기려도",강세황,https://www.emuseum.go.kr/detail?relicId=PS0100100100500317100000
건희3666,"우 괴석초충도, 좌 연화초충도","심사정, 강세황",https://www.emuseum.go.kr/detail?relicId=PS0100100102400351200000
구5213,전 강세황 필 청죽도,강세황,https://www.emuseum.go.kr/detail?relicId=PS0100100102400365200000
덕수3171,피금정,강세황,https://www.emuseum.go.kr/detail?relicId=PS0100100100500092700000
건희3512,피금정도,강세황,https://www.emuseum.go.kr/detail?relicId=PS0100100100100508500000
건희3652,관폭도,이인문,https://www.emuseum.go.kr/detail?relicId=PS0100100100500110500000
덕수927,끝없이 펼쳐진 강과 산,이인문,https://www.emuseum.go.kr/detail?relicId=PS0100100102400371600000
본관5085,누각아집도,이인문,https://www.emuseum.go.kr/detail?relicId=PS0100100102400363000000
덕수1105,발연,이인문,https://www.emuseum.go.kr/detail?relicId=PS0100100100500602400000
건희3716,산수도,이인문,https://www.emuseum.go.kr/detail?relicId=PS0100100100101474700000
건희3630,산수도,이인문,https://www.emuseum.go.kr/detail?relicId=PS0100100102400356900000
덕수6024,산정일장도,이인문,https://www.emuseum.go.kr/detail?relicId=PS0100100101700993500000
본관14747,송계한담도,이인문,https://www.emuseum.go.kr/detail?relicId=PS0100100101700993300000
건희3569,이인문 송하관폭도,이인문,https://www.emuseum.go.kr/detail?relicId=PS0100100100500094000000
증9935,이인문필 사계산수도,이인문,https://www.emuseum.go.kr/detail?relicId=PS0100100100500450100019
증9933,이인문필 산수도,이인문,https://www.emuseum.go.kr/detail?relicId=PS0100100102400353000000
덕수940,이인문필 산수도,이인문,https://www.emuseum.go.kr/detail?relicId=PS0100100100500094500000
덕수4501-19,전 이인문 필 산수인물도,이인문,https://www.emuseum.go.kr/detail?relicId=PS0100100100500450100000
건희3530,지두산수도,이인문,https://www.emuseum.go.kr/detail?relicId=PS0100100100500130900000
덕수945,지두산수화,이인문,https://www.emuseum.go.kr/detail?relicId=PS0100100101700992900000
덕수4501,이인문필 고송유수첩,이인문,https://www.emuseum.go.kr/detail?relicId=PS0100100100900230700000
덕수1309,새와 짐승,한용간,https://www.emuseum.go.kr/detail?relicId=PS0100100100500119100013
증9929,조영석필 탁족도,조영석,https://www.emuseum.go.kr/detail?relicId=PS0100100100900231200000
동원2307,말징박기,조영석,https://www.emuseum.go.kr/detail?relicId=PS0100100100900223000000
덕수1191-13,선객도,조영석,https://www.emuseum.go.kr/detail?relicId=PS0100100101700992100000
동원2312,조영석 필 송하독서도,조영석,https://www.emuseum.go.kr/detail?relicId=PS0100100101700991800000
동원2230,하경산수도,조영석,https://www.emuseum.go.kr/detail?relicId=PS0100100101700991900000
증9921,안중식필 계도,안중식,https://www.emuseum.go.kr/detail?relicId=PS0100100101700992000000
증9918,안중식필 산수도,안중식,https://www.emuseum.go.kr/detail?relicId=PS0100100102400361000000
증9919,안중식필 설경산수도,안중식,https://www.emuseum.go.kr/detail?relicId=PS0100100100900259500000
증9920,안중식필 하마선인도,안중식,https://www.emuseum.go.kr/detail?relicId=PS0100100102400380200000
건희3610,노안도,안중식,https://www.emuseum.go.kr/detail?relicId=PS0100100102400376300000
동원2595,매화꽃이 핀 서옥,안중식,https://www.emuseum.go.kr/detail?relicId=PS0100100100900255600000
건희3802,매화노인도,안중식,https://www.emuseum.go.kr/detail?relicId=PS0100100102400379700000
건희3763,방야독서도,안중식,https://www.emuseum.go.kr/detail?relicId=PS0100100102400380700000
동원2556,배를 타고 복사꽃 마을을 찾아서,안중식,https://www.emuseum.go.kr/detail?relicId=PS0100100102400382200000
건희3797,보장천사도,안중식,https://www.emuseum.go.kr/detail?relicId=PS0100100102400367000000
건희3807,사여도,안중식,https://www.emuseum.go.kr/detail?relicId=PS0100100101600999200000
건희3822,선녀도,안중식,https://www.emuseum.go.kr/detail?relicId=PS0100100101600999300000
건희3670,신선도,안중식,https://www.emuseum.go.kr/detail?relicId=PS0100100101600939100000
구9992,안중식 필 노안도,안중식,https://www.emuseum.go.kr/detail?relicId=PS0100100102400374600000
구9993,안중식 필 노안도,안중식,https://www.emuseum.go.kr/detail?relicId=PS0100100101700911500000
구9391,안중식 필 송하독경도,안중식,https://www.emuseum.go.kr/detail?relicId=PS0100100101700981300000
건희3746,왕우군도,안중식,https://www.emuseum.go.kr/detail?relicId=PS0100100101700981100000
증9115,이규상 초상,안중식,https://www.emuseum.go.kr/detail?relicId=PS0100100101700981000000
증9813,장승업필 해도,"장승업, 안중식",https://www.emuseum.go.kr/detail?relicId=PS0100100102400376400000
증9811,장승업필 화조영모도,"장승업, 안중식",https://www.emuseum.go.kr/detail?relicId=PS0100100102400360900000
증9810,장승업필 화조영모도,"장승업, 안중식",https://www.emuseum.go.kr/detail?relicId=PS0100100102400361500000
건희3764,적벽야유도원형,안중식,https://www.emuseum.go.kr/detail?relicId=PS0100100102400374500000
건희3609,청록산수도,안중식,https://www.emuseum.go.kr/detail?relicId=PS0100100102400360400000
건희3615,추경산수도 대련,안중식,https://www.emuseum.go.kr/detail?relicId=PS0100300500100836700000
건희3745,호취도,안중식,https://www.emuseum.go.kr/detail?relicId=PS0100300500100836900000
건희3604,화조영모도 8폭,안중식,https://www.emuseum.go.kr/detail?relicId=PS0100300500100840000000
구입8367,심전 안중식 필 노안도,안중식,https://www.emuseum.go.kr/detail?relicId=PS0100100100500119100012
구입8369,심전 안중식 안기생도,안중식,https://www.emuseum.go.kr/detail?relicId=PS0100100100500119100008
구입8400,심전 안중식 필 추경산수도,안중식,https://www.emuseum.go.kr/detail?relicId=PS0100100100500553900000
덕수1191-12,강남춘의도,이인상,https://www.emuseum.go.kr/detail?relicId=PS0100100100500110400000
덕수1191-8,관폭도,이인상,https://www.emuseum.go.kr/detail?relicId=PS0100100102400363900000
덕수5539,눈내린 소나무 그림,이인상,https://www.emuseum.go.kr/detail?relicId=PS0100100100500397400000
덕수1104,산속의 집,이인상,https://www.emuseum.go.kr/detail?relicId=PS0100100100500119100015
건희3639,선면산음도상,이인상,https://www.emuseum.go.kr/detail?relicId=PS0100100102400361700000
덕수3974,소나무와 선인,이인상,https://www.emuseum.go.kr/detail?relicId=PS0100100101700986900000
덕수1191-15,송하관폭도,이인상,https://www.emuseum.go.kr/detail?relicId=PS0100100100500242400000
건희3617,수하한담도,"이인상, 이윤영",https://www.emuseum.go.kr/detail?relicId=PS0100100100500119100011
증9869,이인상필 송계누정도 ,이인상,https://www.emuseum.go.kr/detail?relicId=PS0100100100500103200000
덕수2424,이인상필 수석도,이인상,https://www.emuseum.go.kr/detail?relicId=PS0100200100108247500000
덕수1191-11,조어도,이인상,https://www.emuseum.go.kr/detail?relicId=PS0100100102400363500000
덕수1032,푸른호수와 울창한 숲,이인상,https://www.emuseum.go.kr/detail?relicId=PS0100100102400360300000
민속82475,유질첩 ,이인상,https://www.emuseum.go.kr/detail?relicId=PS0100100102400358500000
건희3635,매죽쌍작도,유숙,https://www.emuseum.go.kr/detail?relicId=PS0100100100500383500000
건희3603,박쥐선인도,유숙,https://www.emuseum.go.kr/detail?relicId=PS0100100101600443200000
건희3585,서원아집도,유숙,https://www.emuseum.go.kr/detail?relicId=PS0100100101600323300000
덕수3835,세검정,유숙,https://www.emuseum.go.kr/detail?relicId=PS0100100100500391300000
구4432,연화도,유숙,https://www.emuseum.go.kr/detail?relicId=PS0100100100500211300000
구3233,유숙 필 백련백로도,유숙,https://www.emuseum.go.kr/detail?relicId=PS0100100101101235500000
덕수3913,유숙필 고사인물도,유숙,https://www.emuseum.go.kr/detail?relicId=PS0100100102400372700000
덕수2113,유숙필 응도,유숙,https://www.emuseum.go.kr/detail?relicId=PS0100100100900284900000
신수12355,유숙필 화조도,유숙,https://www.emuseum.go.kr/detail?relicId=PS0100100101700989700000
건희3727,행렬도,유숙,https://www.emuseum.go.kr/detail?relicId=PS0100100101700989600000
동원2849,호랑이,유숙,https://www.emuseum.go.kr/detail?relicId=PS0100100102400359600000
증9897,신윤복필 선경춘만,신윤복,https://www.emuseum.go.kr/detail?relicId=PS0100100102400365700000
증9896,신윤복필 풍속화,신윤복,https://www.emuseum.go.kr/detail?relicId=PS0100100100900255900000
건희3596,귀로산수도,신윤복,https://www.emuseum.go.kr/detail?relicId=PS0100100100900331200000
건희3657,기녀출행도,신윤복,https://www.emuseum.go.kr/detail?relicId=PS0100100102400369700000
동원2559,대쾌도,신윤복,https://www.emuseum.go.kr/detail?relicId=PS0100100102400356800000
동원3312,봄날이여 영원하라,신윤복,https://www.emuseum.go.kr/detail?relicId=PS0100100101700985400000
건희3697,선인동자도,신윤복,https://www.emuseum.go.kr/detail?relicId=PS0100100100500229100013
건희3568,송하남녀도,신윤복,https://www.emuseum.go.kr/detail?relicId=PS0100100102400365500000
증9854,신윤복필 호응도,신윤복,https://www.emuseum.go.kr/detail?relicId=PS0100100100500229100014
덕수2291-13,아기 업은 여인,신윤복,https://www.emuseum.go.kr/detail?relicId=PS0100100100500093900000
건희3655,어해도,신윤복,https://www.emuseum.go.kr/detail?relicId=PS0100100102400367900000
덕수2291-14,투계도,신윤복,https://www.emuseum.go.kr/detail?relicId=PS0100100101600997000000
덕수939,풍속산수화,신윤복,https://www.emuseum.go.kr/detail?relicId=PS0100100100100499400000
건희3679,묵포도도 10곡병,최석환,https://www.emuseum.go.kr/detail?relicId=PS0100200100107442900000
구9970,최석환 필 홍매도,최석환,https://www.emuseum.go.kr/detail?relicId=PS0100300500200366500000
본관4994,파초,최석환,https://www.emuseum.go.kr/detail?relicId=PS0100100100500202200000
민속74429,포도도,최석환,https://www.emuseum.go.kr/detail?relicId=PS0100100100100026200000
기증3665,최석환 필 산수도,최석환,https://www.emuseum.go.kr/detail?relicId=PS0100100101700985600000
덕수2022,나귀에서 떨어지는 진단선생,윤두서,https://www.emuseum.go.kr/detail?relicId=PS0100100102400356200000
본관262,늙은 승려,윤두서,https://www.emuseum.go.kr/detail?relicId=PS0100100100500103400000
증9856,김득신필 출문간월도오동폐월도,김득신,https://www.emuseum.go.kr/detail?relicId=PS0100100100100507100000
건희3562,수하일가도,김득신,https://www.emuseum.go.kr/detail?relicId=PS0100100100900229300000
덕수1034,공기놀이,윤덕희,https://www.emuseum.go.kr/detail?relicId=PS0100100100100220800000
본관5071,선인도,윤덕희,https://www.emuseum.go.kr/detail?relicId=PS0100100102400369200000
동원2293,윤덕희 필 송하오수도,윤덕희,https://www.emuseum.go.kr/detail?relicId=PS0100100100500231200000
본관2208,"호랑이와의 싸움, 용과의 싸움",윤덕희,https://www.emuseum.go.kr/detail?relicId=PS0100100100500071900000
건희3692,군접도 선면,남계우,https://www.emuseum.go.kr/detail?relicId=PS0100100101700999100000
덕수2312,꽃과 나비,남계우,https://www.emuseum.go.kr/detail?relicId=PS0100100100100440700000
덕수719,꽃과 나비,남계우,https://www.emuseum.go.kr/detail?relicId=PS0100300500100033300000
증9991,남계우필 호접도,남계우,https://www.emuseum.go.kr/detail?relicId=PS0100100101700985700000
본관4407,무리를 지은 나비,남계우,https://www.emuseum.go.kr/detail?relicId=PS0100100101700986700000
구입333,남계우 필 호접도,남계우,https://www.emuseum.go.kr/detail?relicId=PS0100100101700987100000
증9857,정선 산수인물,정선,https://www.emuseum.go.kr/detail?relicId=PS0100100101700994400000
증9867,정선필 금강전도,정선,https://www.emuseum.go.kr/detail?relicId=PS0100100101700984200000
증9871,정선필 동경산수,정선,https://www.emuseum.go.kr/detail?relicId=PS0100100101700992800000
증9944,정선필 백천강서사,정선,https://www.emuseum.go.kr/detail?relicId=PS0100100101700987900000
증9842,정선필 세검정,정선,https://www.emuseum.go.kr/detail?relicId=PS0100100101700988000000
증9928,정선필 실경산수,정선,https://www.emuseum.go.kr/detail?relicId=PS0100100102400351600000
증9879,정선필 진경산수,정선,https://www.emuseum.go.kr/detail?relicId=PS0100100102400365900000
증9880,정선필 총석정,정선,https://www.emuseum.go.kr/detail?relicId=PS0100100100500237000036
건희3516,귀거래사도 10곡병,정선,https://www.emuseum.go.kr/detail?relicId=PS0100100100500100400001
건희3659,기려관산도,정선,https://www.emuseum.go.kr/detail?relicId=PS0100100100500100400002
덕수2370-36,낙산사,정선,https://www.emuseum.go.kr/detail?relicId=PS0100100100900227100000
덕수1004-1,낚시하는 모습,정선,https://www.emuseum.go.kr/detail?relicId=PS0100100100900331400000
덕수1004-2,낚시하는 모습,정선,https://www.emuseum.go.kr/detail?relicId=PS0100100102400354600000
동원2271,내연산 삼용추,정선,https://www.emuseum.go.kr/detail?relicId=PS0100100100500090300013
동원3314,눈 내린 파교를 건너며,정선,https://www.emuseum.go.kr/detail?relicId=PS0100100100900226700000
건희3546,단발령망금강도,정선,https://www.emuseum.go.kr/detail?relicId=PS0100100100500400700000
덕수903-13,"단발령에서 바라본 금강산, 《신묘년 풍악도첩》",정선,https://www.emuseum.go.kr/detail?relicId=PS0100100100500119100007
동원2267,단풍 숲에 멈춘 수레,정선,https://www.emuseum.go.kr/detail?relicId=PS0100100100500090300004
덕수4007,돌아오는 배,정선,https://www.emuseum.go.kr/detail?relicId=PS0100100102400362200000
덕수1191-7,동리채국,정선,https://www.emuseum.go.kr/detail?relicId=PS0100100100500090300008
덕수903-4,"문암관 일출, 《신묘년 풍악도첩》",정선,https://www.emuseum.go.kr/detail?relicId=PS0100100100500193400000
건희3622,방우도,정선,https://www.emuseum.go.kr/detail?relicId=PS0100100100500090300012
덕수903-8,"백천교, 《신묘년 풍악도첩》",정선,https://www.emuseum.go.kr/detail?relicId=PS0100100100900226900000
덕수1934,버드나무 밑 말탄 선비,정선,https://www.emuseum.go.kr/detail?relicId=PS0100100100500090300002
덕수903-12,"보덕굴, 《신묘년 풍악도첩》",정선,https://www.emuseum.go.kr/detail?relicId=PS0100100100500090300003
동원2269,봄날 달밤의 정취,정선,https://www.emuseum.go.kr/detail?relicId=PS0100100100100377400000
덕수903-2,"불정대, 《신묘년 풍악도첩》",정선,https://www.emuseum.go.kr/detail?relicId=PS0100100102400354800000
덕수903-3,"사선정, 《신묘년 풍악도첩》",정선,https://www.emuseum.go.kr/detail?relicId=PS0100100100500572800000
본관3774,산수그림,정선,https://www.emuseum.go.kr/detail?relicId=PS0100100100100220600000
건희3548,산수도,정선,https://www.emuseum.go.kr/detail?relicId=PS0100100100500209800000
덕수5728,산수화,정선,https://www.emuseum.go.kr/detail?relicId=PS0100100100500090400000
본관2206,산수화,정선,https://www.emuseum.go.kr/detail?relicId=PS0100100102400352800000
덕수2098,산수화,정선,https://www.emuseum.go.kr/detail?relicId=PS0100100100500366000000
덕수904,산수화,정선,https://www.emuseum.go.kr/detail?relicId=PS0100100102400357800000
건희3528,선면북단송음도,정선,https://www.emuseum.go.kr/detail?relicId=PS0100100100500119100002
덕수3660,선인이 바다를 건너다,정선,https://www.emuseum.go.kr/detail?relicId=PS0100100100500101400000
건희3578,설중귀가도,정선,https://www.emuseum.go.kr/detail?relicId=PS0100100102400367600000
덕수1191-2,세검정,정선,https://www.emuseum.go.kr/detail?relicId=PS0100100100900331100000
덕수1014,소나무,정선,https://www.emuseum.go.kr/detail?relicId=PS0100100100500090300006
건희3676,송하인물도,정선,https://www.emuseum.go.kr/detail?relicId=PS0100100100500559700000
동원3311,"수성구지, 의 옛터로 짐작되는 곳",정선,https://www.emuseum.go.kr/detail?relicId=PS0100100100500343800000
덕수903-6,"시중대, 《신묘년 풍악도첩》",정선,https://www.emuseum.go.kr/detail?relicId=PS0100100102400357700000
덕수5597,여산에 있는 폭포,정선,https://www.emuseum.go.kr/detail?relicId=PS0100100100500090300001
덕수3438,오래된 소나무,정선,https://www.emuseum.go.kr/detail?relicId=PS0100100100100238300000
건희3577,옥류동,정선,https://www.emuseum.go.kr/detail?relicId=PS0100100100500119100003
덕수903-1,"옹천, 《신묘년 풍악도첩》",정선,https://www.emuseum.go.kr/detail?relicId=PS010010010050090300005
본관2383,우뚝선 바위,정선,https://www.emuseum.go.kr/detail?relicId=PS0100100100500119100000
덕수1191-3,유연견남산도 ,정선,https://www.emuseum.go.kr/detail?relicId=PS0100100101700997300000
덕수903-5,"장안사, 《신묘년 풍악도첩》",정선,https://www.emuseum.go.kr/detail?relicId=PS0100100100500100400000
덕수1191,정선 등 필 선면화집,정선,https://www.emuseum.go.kr/detail?relicId=PS0100100102400000100000
증9973,정선필 비로봉,정선,https://www.emuseum.go.kr/detail?relicId=PS0100100101700991300000
덕수1004,정선필 어주도,정선,https://www.emuseum.go.kr/detail?relicId=PS0100100101700982900000
건희1,정선필 인왕제색도,정선,https://www.emuseum.go.kr/detail?relicId=PS0100100100500119100001
증9913,정선필 해주마석,정선,https://www.emuseum.go.kr/detail?relicId=PS0100100100900331000000
증9829,정선필 혈망봉도 ,정선,https://www.emuseum.go.kr/detail?relicId=PS0100100102400352600000
덕수1191-1,정양사,정선,https://www.emuseum.go.kr/detail?relicId=PS0100100100100507400000
동원3310,정이 선생 집 앞에 서서 눈을 맞다,정선,https://www.emuseum.go.kr/detail?relicId=PS010010010050090300010
건희3526,청풍계,정선,https://www.emuseum.go.kr/detail?relicId=PS0100100102400353700000
본관5074,폭포를 바라보는 선비,정선,https://www.emuseum.go.kr/detail?relicId=PS010010010050090300007
덕수903-10,"피금정, 《신묘년 풍악도첩》",정선,https://www.emuseum.go.kr/detail?relicId=PS0100100102400365400000
건희3537,하경산수도,정선,https://www.emuseum.go.kr/detail?relicId=PS0100100100500119100004
덕수903-7,"해산정, 《신묘년 풍악도첩》",정선,https://www.emuseum.go.kr/detail?relicId=PS0100200100109335200000
건희3654,해상대,정선,https://www.emuseum.go.kr/detail?relicId=PS0100300500200829800000
덕수1191-4,행선도 ,정선,https://www.emuseum.go.kr/detail?relicId=PS0100100101700994500000
민속93352,회연서원도,정선,https://www.emuseum.go.kr/detail?relicId=PS0100100101700989200000
기증8298, 정선 필 화조도,정선,https://www.emuseum.go.kr/detail?relicId=PS0100100102400366000000
증9945,심사정필 산수,심사정,https://www.emuseum.go.kr/detail?relicId=PS0100100100100203300000
증9892,심사정필 산수인물,심사정,https://www.emuseum.go.kr/detail?relicId=PS0100100102400368600000
건희3660,각발도,심사정,https://www.emuseum.go.kr/detail?relicId=PS0100100102400367200000
본관2033,강상야박도,심사정,https://www.emuseum.go.kr/detail?relicId=PS0100100100500367200000
건희3686,군작도,심사정,https://www.emuseum.go.kr/detail?relicId=PS0100100100100205300000
건희3672,기우선인도,심사정,https://www.emuseum.go.kr/detail?relicId=PS0100100102400373000000
덕수3672,꽃과 새,심사정,https://www.emuseum.go.kr/detail?relicId=PS0100100102400363600000
본관2053,눈속에 매화를 찾아,심사정,https://www.emuseum.go.kr/detail?relicId=PS0100100100900287000000
건희3730,도석인물도,심사정,https://www.emuseum.go.kr/detail?relicId=PS0100100100100507800000
건희3636,법곽희필의산수도국화와 잠자리,심사정,https://www.emuseum.go.kr/detail?relicId=PS0100100100100251400000
동원2870,북방인의 사냥,심사정,https://www.emuseum.go.kr/detail?relicId=PS0100100102400365300000
본관5078,산수모란,심사정,https://www.emuseum.go.kr/detail?relicId=PS0100100100500282500000
본관2514,산수그림,심사정,https://www.emuseum.go.kr/detail?relicId=PS0100100100900259400000
건희3653,산수도,심사정,https://www.emuseum.go.kr/detail?relicId=PS0100100100100238100000
덕수2825,산수화,심사정,https://www.emuseum.go.kr/detail?relicId=PS0100100102400366100000
동원2594,산수화,심사정,https://www.emuseum.go.kr/detail?relicId=PS0100100102400372500000
본관2381,산수화,심사정,https://www.emuseum.go.kr/detail?relicId=PS0100100102400366400000
건희3661,삼일포,심사정,https://www.emuseum.go.kr/detail?relicId=PS0100100101700990200000
건희3725,선유도,심사정,https://www.emuseum.go.kr/detail?relicId=PS0100100101700989100000
건희3664,선자간해도,심사정,https://www.emuseum.go.kr/detail?relicId=PS0100100101700998600000
증9902,심사정필 산수도,심사정,https://www.emuseum.go.kr/detail?relicId=PS0100100102400357400000
증9891,심사정필 선유도,심사정,https://www.emuseum.go.kr/detail?relicId=PS0100100102400370200000
증9986,심사정필 지두 하마선인도,심사정,https://www.emuseum.go.kr/detail?relicId=PS0100100100500571800000
건희3574,조유추색,심사정,https://www.emuseum.go.kr/detail?relicId=PS0100100101700993000000
건희3702,초충도,심사정,https://www.emuseum.go.kr/detail?relicId=PS0100100102400361900000
덕수5718,토끼를 잡은 매,심사정,https://www.emuseum.go.kr/detail?relicId=PS0100100100500092100000
증9930,하경산수,심사정,https://www.emuseum.go.kr/detail?relicId=PS0100300500200040500000
건희3619,해룡인물도,심사정,https://www.emuseum.go.kr/detail?relicId=PS0100100100100500200000
덕수921,화집,심사정,https://www.emuseum.go.kr/detail?relicId=PS0100100100100027400000
기증405,심사정 필 산승보납도,심사정,https://www.emuseum.go.kr/detail?relicId=PS0100100100500094300000
본관5002,대나무,신위,https://www.emuseum.go.kr/detail?relicId=PS0100100101601046000000
본관274,대나무,신위,https://www.emuseum.go.kr/detail?relicId=PS0100100100400045700000
덕수943,대나무,신위,https://www.emuseum.go.kr/detail?relicId=PS0100100100400049900000
구10460,묵죽석도,신위,https://www.emuseum.go.kr/detail?relicId=PS0100100101700983400000
접수457,신위 필 죽도,신위,https://www.emuseum.go.kr/detail?relicId=PS0100100100100503900000
접수499,신위 필 형악도,신위,https://www.emuseum.go.kr/detail?relicId=PS0100100100100441600000
증9834,장승업필 목동견우,장승업,https://www.emuseum.go.kr/detail?relicId=PS0100100100900331300000
본관5039,갈대와 기러기,장승업,https://www.emuseum.go.kr/detail?relicId=PS0100100102400363400000
본관4416,국화,장승업,https://www.emuseum.go.kr/detail?relicId=PS0100100100500094600000
동원3313,그림을 막 그리려는 선인과 동자,장승업,https://www.emuseum.go.kr/detail?relicId=PS0100100102400354100000
건희3634,기명절지도,장승업,https://www.emuseum.go.kr/detail?relicId=PS0100100102400362800000
덕수946,기명절지도,장승업,https://www.emuseum.go.kr/detail?relicId=PS0100100102400375800000
건희3541,송하고승도,장승업,https://www.emuseum.go.kr/detail?relicId=PS0100100102400352500000
건희3628,연화도,장승업,https://www.emuseum.go.kr/detail?relicId=PS0100100101700998800000
건희3758,연화쌍압도,장승업,https://www.emuseum.go.kr/detail?relicId=PS0100100102400360200000
건희3525,웅시팔황도,장승업,https://www.emuseum.go.kr/detail?relicId=PS0100100101700998000000
증9988,장승업 필계도,장승업,https://www.emuseum.go.kr/detail?relicId=PS0100100101700980300000
건희3602,장승업필 누각산수도,장승업,https://www.emuseum.go.kr/detail?relicId=PS0100100101700980100000
증9980,장승업필 산수도 ,장승업,https://www.emuseum.go.kr/detail?relicId=PS0100100100500205200000
증9803,장승업필 세마도,장승업,https://www.emuseum.go.kr/detail?relicId=PS0100100100900257200000
증9801,장승업필 화조영모도 ,장승업,https://www.emuseum.go.kr/detail?relicId=PS0100100102400365600000
덕수2052,초상,장승업,https://www.emuseum.go.kr/detail?relicId=PS0100100102400358200000
동원2572,파초와 신선,장승업,https://www.emuseum.go.kr/detail?relicId=PS0100100100500131000000
건희3656,호취도,장승업,https://www.emuseum.go.kr/detail?relicId=PS0100300500100771000000
건희3582,화조영모도10곡병,장승업,https://www.emuseum.go.kr/detail?relicId=PS0100300500100771100000
덕수1310,화조영모어해도,장승업,https://www.emuseum.go.kr/detail?relicId=PS0100100100900331800000
구입7710,오원 장승업 필 완매도,장승업,https://www.emuseum.go.kr/detail?relicId=PS0100100100500130800000
구입7711,오원 장승업 세동도,장승업,https://www.emuseum.go.kr/detail?relicId=PS0100100100100505900000
동원3318,겨울산속의 매화에 둘러싸인 서옥,전기,https://www.emuseum.go.kr/detail?relicId=PS0100100100500614200000
덕수1308,"꽃,새,곤충,물고기 그림",전기,https://www.emuseum.go.kr/detail?relicId=PS0100100100500094700000
본관5059,매화꽃이 핀 서옥,전기,https://www.emuseum.go.kr/detail?relicId=PS0100100102400357000000
덕수6142,산수화,전기,https://www.emuseum.go.kr/detail?relicId=PS0100100101100101800000
덕수947,산수화훼도,전기,https://www.emuseum.go.kr/detail?relicId=PS0100100101700984100000
건희3570,수묵산수도,전기,https://www.emuseum.go.kr/detail?relicId=PS0100100100100511500000
신수1018,전기 필 지송도,전기,https://www.emuseum.go.kr/detail?relicId=PS0100100100900257000000
증9841,전기필 선면 추림서사도 ,전기,https://www.emuseum.go.kr/detail?relicId=PS0100100102400354300000
본관5115,큰 기러기,정조,https://www.emuseum.go.kr/detail?relicId=PS0100100102400376600000
동원2570,가을 산수,허련,https://www.emuseum.go.kr/detail?relicId=PS0100100102400381500000
건희3543,강각어장도,허련,https://www.emuseum.go.kr/detail?relicId=PS0100100102400377500000
건희3766,괴석도,허련,https://www.emuseum.go.kr/detail?relicId=PS0100100102400377600000
건희3815,괴석모란도,허련,https://www.emuseum.go.kr/detail?relicId=PS0100100102400377800000
건희3775,괴석모란도,허련,https://www.emuseum.go.kr/detail?relicId=PS0100100102400378200000
건희3776,동거법산수도,허련,https://www.emuseum.go.kr/detail?relicId=PS0100100102400379800000
건희3778,방원인필산수도,허련,https://www.emuseum.go.kr/detail?relicId=PS0100100102400370600000
건희3782,산수도,허련,https://www.emuseum.go.kr/detail?relicId=PS0100100102400361600000
건희3798,산수도,허련,https://www.emuseum.go.kr/detail?relicId=PS0100100100100029100000
건희3706,산수도,허련,https://www.emuseum.go.kr/detail?relicId=PS0100100100100503400000
건희3616,산수도 4폭,허련,https://www.emuseum.go.kr/detail?relicId=PS0100100102400378600000
본관291,산수화,허련,https://www.emuseum.go.kr/detail?relicId=PS0100100101101349600000
본관5034,산수화,허련,https://www.emuseum.go.kr/detail?relicId=PS0100100102400376200000
건희3786,설경산수도,허련,https://www.emuseum.go.kr/detail?relicId=PS0100100102400377900000
신수13496,소치 허련필 괴석도,허련,https://www.emuseum.go.kr/detail?relicId=PS0100100102400377700000
건희3762,어촌낙조도,허련,https://www.emuseum.go.kr/detail?relicId=PS0100100101600322300000
건희3779,완사명월하도,허련,https://www.emuseum.go.kr/detail?relicId=PS0100100101700992600000
건희3777,운림법산수도,허련,https://www.emuseum.go.kr/detail?relicId=PS0100100101700905400000
구3223,허련 필 묵죽도,허련,https://www.emuseum.go.kr/detail?relicId=PS0100100101700992300000
증9926,허련필 노송도,허련,https://www.emuseum.go.kr/detail?relicId=PS0100100101700989400000
증9054,허련필 모란도,허련,https://www.emuseum.go.kr/detail?relicId=PS0100100101700982300000
증9923,허련필 방예찬산수도,허련,https://www.emuseum.go.kr/detail?relicId=PS0100100101700999800000
증9894,허련필 산수도,허련,https://www.emuseum.go.kr/detail?relicId=PS0100100100900217000000
증9823,허련필 산수인물도,허련,https://www.emuseum.go.kr/detail?relicId=PS0100300500200365500000
증9998,허련필 완당선생 초상,허련,https://www.emuseum.go.kr/detail?relicId=PS0100300500200365600000
동원2170,허련이 그린 소치묵묘첩,허련,https://www.emuseum.go.kr/detail?relicId=PS0100100100900288700000
기증3655,허련 필 묵란도,허련,https://www.emuseum.go.kr/detail?relicId=PS0100100101700933900000
기증3656,허련 필 산수도,허련,https://www.emuseum.go.kr/detail?relicId=PS0100100101700903400000
동원2887,산수화,허백련,https://www.emuseum.go.kr/detail?relicId=PS0100100101700933800000
증9339,허백련필 선면 추경산수도,허백련,https://www.emuseum.go.kr/detail?relicId=PS0100100500105518300000
증9034,허백련필 산수화,허백련,https://www.emuseum.go.kr/detail?relicId=PS0100100101700988600000
증9338,허백련필 선면 하경산수도,허백련,https://www.emuseum.go.kr/detail?relicId=PS0100100101700985200000
광주55183,허백련 필 산수도,허백련,https://www.emuseum.go.kr/detail?relicId=PS0100100100100028100000
증9886,김수철필 묵매도,김수철,https://www.emuseum.go.kr/detail?relicId=PS0100100101700981200000
증9852,김수철필 산수인물도,김수철,https://www.emuseum.go.kr/detail?relicId=PS0100100101700980800000
본관281,겨울 산수,김수철,https://www.emuseum.go.kr/detail?relicId=PS0100100101700991600000
증9812,김수철필 백합도 ,김수철,https://www.emuseum.go.kr/detail?relicId=PS0100100100900250700000
증9808,김수철필 산정일장도 ,김수철,https://www.emuseum.go.kr/detail?relicId=PS0100100101100055600000
증9916,김수철필 청류효도도 ,김수철,https://www.emuseum.go.kr/detail?relicId=PS0100100102400361100000
동원2507,눈내린 누각에서 매화를 감상하는 선비,김수철,https://www.emuseum.go.kr/detail?relicId=PS0100100102400364200000
신수556,북산 김수철필 능소화도,김수철,https://www.emuseum.go.kr/detail?relicId=PS0100100102400375500000
건희3611,사계산수도,김수철,https://www.emuseum.go.kr/detail?relicId=PS0100100100500426300000
건희3642,산수도 2폭,김수철,https://www.emuseum.go.kr/detail?relicId=PS0100100100500205400000
건희3755,산수도 6폭,김수철,https://www.emuseum.go.kr/detail?relicId=PS0100100102400356600000
덕수4263,산수화,김수철,https://www.emuseum.go.kr/detail?relicId=PS0100100102400373600000
덕수2054,산수화,김수철,https://www.emuseum.go.kr/detail?relicId=PS0100100100500383000000
건희3566,석매도,김수철,https://www.emuseum.go.kr/detail?relicId=PS0100100102400375600000
건희3736,선면 산수도,김수철,https://www.emuseum.go.kr/detail?relicId=PS0100100101601004300000
덕수3830,화조도,김수철,https://www.emuseum.go.kr/detail?relicId=PS0100100101700990900000
건희3756,화훼도,김수철,https://www.emuseum.go.kr/detail?relicId=PS0100100101700982100000
구10043,조중묵 필 산수인물도 족자,조중묵,https://www.emuseum.go.kr/detail?relicId=PS0100100101700986100000
증9909,최북 풍속화,최북,https://www.emuseum.go.kr/detail?relicId=PS0100100100100028400000
증9821,최북필 산수도,최북,https://www.emuseum.go.kr/detail?relicId=PS0100100100100028000000
증9861,최북필 초구,최북,https://www.emuseum.go.kr/detail?relicId=PS0100100102400361800000
본관284,나물의 뿌리,최북,https://www.emuseum.go.kr/detail?relicId=PS0100100102400366500000
본관280,산수도,최북,https://www.emuseum.go.kr/detail?relicId=PS0100100102400359300000
건희3618,산수도,최북,https://www.emuseum.go.kr/detail?relicId=PS0100100100100506100000
건희3665,산수도,최북,https://www.emuseum.go.kr/detail?relicId=PS0100100100500223200000
건희3593,산수도4폭,최북,https://www.emuseum.go.kr/detail?relicId=PS0100100102400364300000
본관5061,산수화,최북,https://www.emuseum.go.kr/detail?relicId=PS0100100101700984900000
덕수2232,산수화,최북,https://www.emuseum.go.kr/detail?relicId=PS0100100100900234300000
건희3643,선면산수도,최북,https://www.emuseum.go.kr/detail?relicId=PS0100100102400361300000
증9849,최북필 설산조치도 ,최북,https://www.emuseum.go.kr/detail?relicId=PS0100100102400373400000
동원2343,토끼를 잡아 챈 매,최북,https://www.emuseum.go.kr/detail?relicId=PS0100300500200109300000
건희3613,한강조어도,최북,https://www.emuseum.go.kr/detail?relicId=PS0100300500200109400000
건희3734,해변기암도,최북,https://www.emuseum.go.kr/detail?relicId=PS0100100101601046100000
기증1093,최북 필 괴석도,최북,https://www.emuseum.go.kr/detail?relicId=PS0100100102400375100000
기증1094,최북 필 묵란도,최북,https://www.emuseum.go.kr/detail?relicId=PS0100100102400374100000
구10461,기명절지도,조석진,https://www.emuseum.go.kr/detail?relicId=PS0100100102400373800000
건희3751,동견도,조석진,https://www.emuseum.go.kr/detail?relicId=PS0100100102400373200000
건희3741,선면 군자락지도,조석진,https://www.emuseum.go.kr/detail?relicId=PS0100100102400380400000
건희3738,선면 도원도,조석진,https://www.emuseum.go.kr/detail?relicId=PS0100100102400380000000
건희3732,선면 어옹도,조석진,https://www.emuseum.go.kr/detail?relicId=PS0100100102400368400000
건희3804,선면 이어도,조석진,https://www.emuseum.go.kr/detail?relicId=PS0100100101601000200000
건희3800,쌍조도원형,조석진,https://www.emuseum.go.kr/detail?relicId=PS0100100101700818600000
건희3684,이어도 대련,조석진,https://www.emuseum.go.kr/detail?relicId=PS0100100101700818500000
구10002,조석진 필 기명절지도,조석진,https://www.emuseum.go.kr/detail?relicId=PS0100100101700991200000
증8186,조석진필 고사인물화,조석진,https://www.emuseum.go.kr/detail?relicId=PS0100100101700990600000
증8185,조석진필 고사인물화,조석진,https://www.emuseum.go.kr/detail?relicId=PS0100100101700989300000
증9912,조석진필 남극노인도,조석진,https://www.emuseum.go.kr/detail?relicId=PS0100100101700989900000
증9906,조석진필 이어도 ,조석진,https://www.emuseum.go.kr/detail?relicId=PS0100100102400378700000
증9893,조석진필 춘경산수도,조석진,https://www.emuseum.go.kr/detail?relicId=PS0100100102400371300000
증9899,조석진필 화조영모도 ,조석진,https://www.emuseum.go.kr/detail?relicId=PS0100100102400369500000
건희3787,죽림칠현도,조석진,https://www.emuseum.go.kr/detail?relicId=PS0100100102400356000000
건희3713,죽림칠현도,조석진,https://www.emuseum.go.kr/detail?relicId=PS0100100102400355100000
건희3695,해도,조석진,https://www.emuseum.go.kr/detail?relicId=PS0100300500100836800000
건희3560,화조영모도 10폭,조석진,https://www.emuseum.go.kr/detail?relicId=PS0100300500100844400000
건희3551,화조영모도 10폭,조석진,https://www.emuseum.go.kr/detail?relicId=PS0100100100900254100000
구입8368,소림 조석진 어해도,조석진,https://www.emuseum.go.kr/detail?relicId=PS0100100100900223500000
구입8444,소림 조석진 산수도 대련,조석진,https://www.emuseum.go.kr/detail?relicId=PS0100100102400364100000
동원2541,묘길상을 그린 그림,허필,https://www.emuseum.go.kr/detail?relicId=PS0100100500105518700000
동원2235,산수화,허필,https://www.emuseum.go.kr/detail?relicId=PS0100100100500175400000
건희3641,지두화,허필,https://www.emuseum.go.kr/detail?relicId=PS0100100100500147000000
광주55187,허형 필 백납도 병풍,허형,https://www.emuseum.go.kr/detail?relicId=PS0100100100500146900000
덕수1754,산수인물영모도,백은배,https://www.emuseum.go.kr/detail?relicId=PS0100200100109036100000
덕수1470,신선,백은배,https://www.emuseum.go.kr/detail?relicId=PS0100300500200366400000
덕수1469,파도 위의 신선들,백은배,https://www.emuseum.go.kr/detail?relicId=PS0100100101700986000000
민속90361,갈현,백은배,https://www.emuseum.go.kr/detail?relicId=PS0100100102400362400000
기증3664,백은배 필 화조도,백은배,https://www.emuseum.go.kr/detail?relicId=PS0100100102400370500000
증9860,김응환필 운경산수도 및 운룡도,김응환,https://www.emuseum.go.kr/detail?relicId=PS0100100100500307000000
건희3624,문인아집도,이재관,https://www.emuseum.go.kr/detail?relicId=PS0100100102400360100000
건희3705,송하탄금도,이재관,https://www.emuseum.go.kr/detail?relicId=PS0100100101700987700000
덕수3070,약산 강이오 초상,이재관,https://www.emuseum.go.kr/detail?relicId=PS0100100100500642900000
건희3601,위기선인도,이재관,https://www.emuseum.go.kr/detail?relicId=PS0100100101700986300000
증9877,이재관필 산수도 ,이재관,https://www.emuseum.go.kr/detail?relicId=PS0100100101700998400000
덕수6429,이재관필 선인도,이재관,https://www.emuseum.go.kr/detail?relicId=PS0100100101700982700000
증9863,김석신필 가고중류도,김석신,https://www.emuseum.go.kr/detail?relicId=PS0100100101700988300000
증9984,김정희필 난초도,김정희,https://www.emuseum.go.kr/detail?relicId=PS0100100101700984600000
증9827,김정희필 모정,김정희,https://www.emuseum.go.kr/detail?relicId=PS0100100101701000000000
증9883,김정희필 묵란,김정희,https://www.emuseum.go.kr/detail?relicId=PS0100100101700999900000
증9846,김정희필 묵란,김정희,https://www.emuseum.go.kr/detail?relicId=PS0100100101700986400000
증10000,김정희 필 세한도,김정희,https://www.emuseum.go.kr/detail?relicId=PS0100100100100238600000
증9999,김정희필 불이선란도,김정희,https://www.emuseum.go.kr/detail?relicId=PS0100100102400371200000
증9864,김정희필 증번상촌장도,김정희,https://www.emuseum.go.kr/detail?relicId=PS0100100100100507900000
본관2386,난초와 국화,김정희,https://www.emuseum.go.kr/detail?relicId=PS0100100100500398900000
건희3712,묵란도,김정희,https://www.emuseum.go.kr/detail?relicId=PS0100100101601045400000
본관5079,부채에 그린 대나무,김정희,https://www.emuseum.go.kr/detail?relicId=PS0100100101700984500000
덕수3989,산수화,김정희,https://www.emuseum.go.kr/detail?relicId=PS0100100102400369300000
구10454,소동파입극도 및 제발문,김정희,https://www.emuseum.go.kr/detail?relicId=PS0100100100900217400000
증9845,작가미상 추수백운도,김정희,https://www.emuseum.go.kr/detail?relicId=PS0100100100100441000000
건희3693,낙지론행도,정수영,https://www.emuseum.go.kr/detail?relicId=PS0100100100900226100000
동원2174,시경의 빈풍칠월편,이방운,https://www.emuseum.go.kr/detail?relicId=PS0100100101601042900000
본관4410,나무아래의 인물,이방운,https://www.emuseum.go.kr/detail?relicId=PS0100300500200829900000
동원2261,산재망성도,이방운,https://www.emuseum.go.kr/detail?relicId=PS0100100102400356500000
구10429,이방운필구곡취생도,이방운,https://www.emuseum.go.kr/detail?relicId=PS0100100102400368500000
기증8299,이방운 필 산수도,이방운,https://www.emuseum.go.kr/detail?relicId=PS0100200100108247400000
건희3565,구담봉도,윤제홍,https://www.emuseum.go.kr/detail?relicId=PS0100100101700989500000
건희3685,학선도 망천정도,윤제홍,https://www.emuseum.go.kr/detail?relicId=PS0100100100400047200000
민속82474,유하기마도,윤제홍,https://www.emuseum.go.kr/detail?relicId=PS0100100100900236100000
증9895,조희룡필 묵매도,조희룡,https://www.emuseum.go.kr/detail?relicId=PS0100100100500115300000
접수472,조희룡필 군접,조희룡,https://www.emuseum.go.kr/detail?relicId=PS0100100100100796400000
동원2361,난초,조희룡,https://www.emuseum.go.kr/detail?relicId=PS0100100100500115500000
덕수1153,대나무,조희룡,https://www.emuseum.go.kr/detail?relicId=PS0100100102400356700000
본관7964,매화가 핀 서옥,조희룡,https://www.emuseum.go.kr/detail?relicId=PS0100100102400358100000
덕수1155,붉은 매화와 흰 매화,조희룡,https://www.emuseum.go.kr/detail?relicId=PS0100100101101408100000
건희3567,사군자 4폭,조희룡,https://www.emuseum.go.kr/detail?relicId=PS0100100101101407800000
건희3581,산수도죽석도 대련,조희룡,https://www.emuseum.go.kr/detail?relicId=PS0100100101101408000000
신수14081,조희룡 필 묵란도,조희룡,https://www.emuseum.go.kr/detail?relicId=PS0100100100900264200000
신수14078,조희룡 필 묵란도,조희룡,https://www.emuseum.go.kr/detail?relicId=PS0100100102400355400000
신수14080,조희룡 필 묵매도,조희룡,https://www.emuseum.go.kr/detail?relicId=PS0100300500100010000000
동원2642,조희룡 필 묵매도,조희룡,https://www.emuseum.go.kr/detail?relicId=PS0100300500100840100000
건희3554,홍매도,조희룡,https://www.emuseum.go.kr/detail?relicId=PS0100100100100500900000
구입100,조희룡 필 매화도,조희룡,https://www.emuseum.go.kr/detail?relicId=PS0100100100500168200000
구입8401,우봉 조희룡 필 화조도,조희룡,https://www.emuseum.go.kr/detail?relicId=PS0100100102400373700000
본관5009,산수화,신익성,https://www.emuseum.go.kr/detail?relicId=PS0100100100500166200000
덕수1682,대나무,허목,https://www.emuseum.go.kr/detail?relicId=PS0100300500100706700000
건희3737,포도.화훼도2폭,이우,https://www.emuseum.go.kr/detail?relicId=PS0100300500101016000000
덕수1662,김유성필 사계산수도,김유성,https://www.emuseum.go.kr/detail?relicId=PS0100100102400372000000
구입7067,김유성 석란도,김유성,https://www.emuseum.go.kr/detail?relicId=PS0100100101600428500000
구입10160,김유성 필 묵죽도,김유성,https://www.emuseum.go.kr/detail?relicId=PS0100100100900225000000
건희3720,산수도,이유신,https://www.emuseum.go.kr/detail?relicId=PS0100100100100508600000
구4285,이유신 필 산수도,이유신,https://www.emuseum.go.kr/detail?relicId=PS0100100100900252400000
동원2250,뜻하지 않은 풍경을 우연히 보다,유재소,https://www.emuseum.go.kr/detail?relicId=PS0100100100500392200000
본관5086,산수화,유재소,https://www.emuseum.go.kr/detail?relicId=PS0100100100100650500000
동원2524,푸른 소나무,유재소,
덕수3922,풍악장유첩,강세황,
본관6505,장동팔경첩,정선,
